Retail Channel SKU,Vendor/ Mask SKU,Vendor
UPT-69623,0,Aaina Art N Craft
SVN-206773103075,BM113360,Lal 10
SVN-SG-H-K-020,BM113360,Lal 10
UPT-148945,0,Goel Crafts
UPT-148947,0,Goel Crafts
UPT-24500,0,Aaina Art N Craft
26939,BM01183,Home Goods
UPT-226034,UPT-226034,Goel Crafts
BM01183,BM01183,Home Goods
FOA-CM-DK6913,BM123648,Shashi International
UPT-230089,UPT-230089,Stellar
UPT-230089,UPT-230089,Stellar
UPT-226034,UPT-226034,The Benchmark
BM123648,BM123648,ZHENZHOU LEDREM NETWORK TECHNOLOGY CO. LTD. (VASAGLE)
NAU-SH8762,BM34832,AK Exports
NAU-SH8760,BM34831,AK Exports
NAU-SH8764,BM34836,AK Exports
30567,BM01816,Home Goods
UPT-165867,BM165867,Chandni Craft
NAU-SH8763,BM34833,AK Exports
NAU-IR2567,BM154506,Akbar Metal and Brass
21626,BM00583,ANXI XIANFA ARTS N CRAFTS
I305-HGM012,BM167284,Home Goods
I305-HGM004,BM164573,Home Goods
BM47916,BM47916,Alia Impex
71889,BM06173,ANXI XIANFA ARTS N CRAFTS
40302,BM02689,PT SUMIATI EKSPORT
55275,BM04366,ANXI XIANFA ARTS N CRAFTS
34006,BM01875,Goel Crafts
I457-AMC0003,BM166872,Akbar Metal and Brass
26169,BM01021,Home Goods
34087,BM01881,Goel Crafts
I457-AMC0005,BM166874,Akbar Metal and Brass
I457-AMC0001,BM166870,Akbar Metal and Brass
16175,BM00224,Home Goods
68744,BM05830,"FLYING SPARKS CRAFTS CO.,LTD"
C482-MTL0014,BM164486,"FLYING SPARKS CRAFTS CO.,LTD"
97997,BM07986,"FLYING SPARKS CRAFTS CO.,LTD"
CCA-910035,BM160283,"FLYING SPARKS CRAFTS CO.,LTD"
98763,BM08014,Westlife Designs
C482-FS180591,BM179002,"FLYING SPARKS CRAFTS CO.,LTD"
67053,BM05668,ANXI XIANFA ARTS N CRAFTS
CCA-910038,BM160169,"FLYING SPARKS CRAFTS CO.,LTD"
26909,BM01164,Home Goods
I305-HGM020,BM176945,Home Goods
C482-FS180585,BM179001,"FLYING SPARKS CRAFTS CO.,LTD"
I457-AMC0008,BM166877,Akbar Metal and Brass
49107,BM03179,Home Goods
I457-AMC0014,BM177867,Akbar Metal and Brass
C482-FS180589,BM179003,"FLYING SPARKS CRAFTS CO.,LTD"
C482-MTL0003,BM164497,"FLYING SPARKS CRAFTS CO.,LTD"
26718,BM01066,Home Goods
I457-AMC0007,BM166876,Akbar Metal and Brass
NAU-BR1844,BM34749,Home Goods
I457-AMC0010,BM166879,Akbar Metal and Brass
FOA-CM4324S,BM119862,Aaina Art N Craft
31333,BM01862,Home Goods
26545,BM01054,Home Goods
I305-HGM019,BM176944,Home Goods
UPT-37910,BM49588,Aaina Art N Craft
50094,BM03245,"FLYING SPARKS CRAFTS CO.,LTD"
38168,BM120150,Home Goods
38182,BM02378,Home Goods
63084,BM41799,Home Goods
UPT-71700,BM154999,Aaina Art N Craft
C482-MTL0013,BM164487,"FLYING SPARKS CRAFTS CO.,LTD"
I457-AMC0016,BM177864,Akbar Metal and Brass
30530,BM01814,Home Goods
C482-MTL0010,BM164490,"FLYING SPARKS CRAFTS CO.,LTD"
UPT-184805,BM184805,Alia Impex
I457-AMC0002,BM166871,Akbar Metal and Brass
NAU-SH15811,BM34821,Goel Crafts
UPT-184806,BM184806,Alia Impex
39464,BM46891,Goel Crafts
NAU-BR4863,BM106475,Home Goods
I305-HGM015,BM176940,Home Goods
22036,BM00602,Westlife Designs
I457-AMC0015,BM177863,Akbar Metal and Brass
96077,BM80949,Goel Crafts
C482-MTL0007,BM164493,"FLYING SPARKS CRAFTS CO.,LTD"
21634,BM00584,ANXI XIANFA ARTS N CRAFTS
I457-AMC0006,BM166875,Akbar Metal and Brass
I305-HGM003,BM164572,Home Goods
NAU-BR48501,BM34768,Home Goods
I481-MTC001,BM164217,MetalCity Exports
UPT-176788,BM176788,Goel Crafts
UPT-148946,BM148946,Goel Crafts
18611,BM00335,Home Goods
98761,BM08012,Westlife Designs
I305-HGM018,BM176943,Home Goods
NAU-BR1844F,BM34751,Home Goods
14318,BM00070,Goel Crafts
UPT-39290,BM139710,Aaina Art N Craft
UPT-184807,BM184807,Alia Impex
UPT-184808,,Aaina Art N Craft
MIL-TRY-C20,BM195219,Akbar Metal and Brass
UPT-30350,BM49583,Aaina Art N Craft
UPT-165868,BM165868,Chandni Craft
MIL-TRY-C29,BM195220,Akbar Metal and Brass
I457-AMC0009,BM166878,Akbar Metal and Brass
14343,BM00082,Westlife Designs
CTW-770014,BM167291,Akbar Metal and Brass
I481-MTC002,BM164218,MetalCity Exports
UPT-183797,BM183797,Aaina Art N Craft
14341,BM00080,Westlife Designs
UPT-148948,BM148948,Goel Crafts
I457-AMC0017,BM177865,Akbar Metal and Brass
38174,BM02370,Home Goods
98765,BM08016,Westlife Designs
I457-AMC0011,BM166880,Akbar Metal and Brass
49188,BM35857,Home Goods
14342,BM00081,Westlife Designs
MIL-C-51,BM195212,Akbar Metal and Brass
UPT-69000,BM154084,Aaina Art N Craft
NAU-BR1880,BM34754,Home Goods
44754,BM03005,ETD USA
27489,BM01297,Westlife Designs
30853,BM01831,Westlife Designs
14340,BM00079,Westlife Designs
WLK-DBH1DO,BM184290,Aaina Art N Craft
I457-AMC0013,BM166882,Akbar Metal and Brass
C482-MTL0004,BM164496,"FLYING SPARKS CRAFTS CO.,LTD"
CTW-770052,BM195134,Akbar Metal and Brass
C482-MTL0011,BM164489,"FLYING SPARKS CRAFTS CO.,LTD"
63065,BM05340,"FLYING SPARKS CRAFTS CO.,LTD"
80954,BM116745,"FLYING SPARKS CRAFTS CO.,LTD"
96325,BM07600,Goel Crafts
52751,BM03780,Goel Crafts
UPT-157137,BM157137,StarLight International
63515,BM05386,"FLYING SPARKS CRAFTS CO.,LTD"
NAU-SH1588,BM34823,Goel Crafts
39085,BM02586,ETD USA
MIL-C-50,BM195211,Akbar Metal and Brass
I457-AMC0004,BM166873,Akbar Metal and Brass
UPT-157134,BM157134,StarLight International
15947,BM00213,Home Goods
SVN-SG-H-K-024,BM123949,Lal 10
MIL-C-55C,BM195214,Home Goods
CTW-530060,BM195132,Home Goods
52734,BM03767,Goel Crafts
I305-HGM008,BM164577,Home Goods
NAU-IE78643,BM34795,Goel Crafts
C482-MTL0008,BM164492,"FLYING SPARKS CRAFTS CO.,LTD"
CTW-770069,BM195135,Home Goods
NAU-HN101,BM34791,Home Goods
66455,BM44025,"FLYING SPARKS CRAFTS CO.,LTD"
UPT-187976,BM187977,Goel Crafts
UPT-157136,BM157136,StarLight International
I457-AMC0019,I457-AMC0019,Akbar Metal and Brass
I305-HGM013,BM167285,Home Goods
FOA-CM5278-TV-54,BM119865,Zhangzhou Uni-Homes Furniture
UPT-70100,BM154091,Aaina Art N Craft
36302,BM02193,Home Goods
C491-JLC7013,BM165517,HuiZhou HomeLigting Technology
96227,BM07541,Goel Crafts
71822,BM06168,ANXI XIANFA ARTS N CRAFTS
23914,BM00829,Westlife Designs
38193,BM02388,Home Goods
UPT-186126,UPT-186126,Chandni Craft
UPT-200178,BM200178,Goel Crafts
I457-AMC0020,I457-AMC0020,Akbar Metal and Brass
63546,BM05388,"FLYING SPARKS CRAFTS CO.,LTD"
UPT-157133,BM157133,StarLight International
UPT-182998,BM182998,Aaina Art N Craft
UPT-195271,UPT-195271,Goel Crafts
34133,BM01911,Goel Crafts
UPT-200174,BM200174,Goel Crafts
AMF-72847,BM163021,Acme Direct factory
UPT-203634,,Goel Crafts
UPT-200179,BM200179,Goel Crafts
UPT-39250,BM139707,Aaina Art N Craft
40303,BM02690,PT SUMIATI EKSPORT
34098,BM01889,Goel Crafts
UPT-636042216,BM88322,Aaina Art N Craft
UPT-200173,BM200173,Goel Crafts
I305-HGM001,BM164570,Home Goods
I305-HGM002,BM164571,Home Goods
UPT-197219,UPT-197219,Chandni Craft
UPT-182997,BM182997,Aaina Art N Craft
51870,BM03669,ETD USA
UPT-196015,,Aaina Art N Craft
C482-MTL0025,BM164510,"FLYING SPARKS CRAFTS CO.,LTD"
34010,BM01876,Goel Crafts
I305-HGM017,BM176942,Home Goods
23782,BM119478,Goel Crafts
UPT-195270,UPT-195270,Goel Crafts
UPT-197218,UPT-197218,Chandni Craft
UPT-200175,BM200175,Goel Crafts
UPT-200177,BM200177,Goel Crafts
UPT-195124,BM195124,Aaina Art N Craft
13074,BM00014,Changzhou Bellabello Home Furnishing Decoration Co
42770,BM02867,"FLYING SPARKS CRAFTS CO.,LTD"
C482-MTL0020,BM164505,"FLYING SPARKS CRAFTS CO.,LTD"
UPT-164563,BM164563,Goel Crafts
UPT-183800,BM183800,Aaina Art N Craft
34089,BM01883,Goel Crafts
UPT-183799,BM183799,Aaina Art N Craft
15948,BM00214,Home Goods
I481-MTC006,BM164222,MetalCity Exports
14194,BM81211,Westlife Designs
UPT-205758,BM205758,vintage Furniture
UPT-205760,BM205760,vintage Furniture
UPT-205763,BM205763,vintage Furniture
UPT-205767,BM205767,vintage Furniture
UPT-200172,BM200172,Goel Crafts
UPT-197308,BM197308,The Benchmark
UPT-205762,BM205762,vintage Furniture
UPT-200176,BM200176,Goel Crafts
34092,BM01886,Goel Crafts
UPT-195130,BM195130,Aaina Art N Craft
UPT-186119,UPT-186119,Chandni Craft
UPT-197309,BM197309,The Benchmark
UPT-197310,BM197310,The Benchmark
UPT-73400,BM154094,Aaina Art N Craft
UPT-197311,BM197311,The Benchmark
UPT-195119,BM195119,Aaina Art N Craft
UPT-205749,BM205749,vintage Furniture
UPT-205761,BM205761,vintage Furniture
UPT-205769,BM205769,vintage Furniture
UPT-205764,BM205764,vintage Furniture
UPT-205765,BM205765,vintage Furniture
UPT-205768,BM205768,vintage Furniture
UPT-191450,UPT-191450,Aaina Art N Craft
UPT-197313,BM197313,The Benchmark
UPT-197314,BM197314,The Benchmark
UPT-205751,BM205751,vintage Furniture
UPT-205770,BM205770,vintage Furniture
UPT-205750,BM205750,vintage Furniture
UPT-183798,BM183798,Aaina Art N Craft
38164,BM82052,Akbar Metal and Brass
C491-JLC7014,BM165518,HuiZhou HomeLigting Technology
UPT-197217,UPT-197217,Chandni Craft
UPT-195275,BM195275,Aaina Art N Craft
UPT-197870,BM197870,Aaina Art N Craft
UPT-205748,BM205748,vintage Furniture
UPT-182999,BM182999,Aaina Art N Craft
UPT-176789,BM176789,Goel Crafts
UPT-195278,BM195278,Aaina Art N Craft
UPT-199996,,Aaina Art N Craft
UPT-183801,BM183801,Aaina Art N Craft
UPT-195129,BM195129,Aaina Art N Craft
UPT-186123,UPT-186123,Chandni Craft
96075,BM80947,Goel Crafts
34096,BM01888,Goel Crafts
UPT-195121,BM195121,Aaina Art N Craft
UPT-37900,BM49587,Aaina Art N Craft
UPT-186122,UPT-186122,Chandni Craft
UPT-197307,BM197307,The Benchmark
UPT-70200,BM154089,Aaina Art N Craft
UPT-186124,UPT-186124,Chandni Craft
ABH-DT38552,BM147073,Guangzhou Even Lighting Co.
UPT-195277,BM195277,Aaina Art N Craft
UPT-197868,BM197868,Aaina Art N Craft
UPT-197874,BM197874,Aaina Art N Craft
UPT-205741,BM205741,vintage Furniture
UPT-205742,BM205742,vintage Furniture
UPT-205752,BM205752,vintage Furniture
UPT-205759,BM205759,vintage Furniture
UPT-205744,BM205744,vintage Furniture
UPT-205747,BM205747,vintage Furniture
UPT-70600,BM155000,Aaina Art N Craft
UPT-195274,BM195274,Aaina Art N Craft
UPT-205743,BM205743,vintage Furniture
UPT-624024792,B012588324,vintage Furniture
UPT-182996,BM182996,Aaina Art N Craft
49189,BM35858,Home Goods
UPT-205746,BM205746,vintage Furniture
UPT-195127,BM195127,Aaina Art N Craft
UPT-38930,BM139711,Aaina Art N Craft
UPT-73100,BM154093,Aaina Art N Craft
UPT-74400,BM154095,Aaina Art N Craft
34131,BM01909,Goel Crafts
36200,BM02191,Home Goods
NAU-AL48610,BM134450,Home Goods
UPT-195276,BM195276,Aaina Art N Craft
UPT-197306,BM197306,The Benchmark
UPT-205766,BM205766,vintage Furniture
UPT-205771,BM205771,vintage Furniture
UPT-205745,BM205745,vintage Furniture
UPT-195122,BM195122,Aaina Art N Craft
UPT-195123,BM195123,Aaina Art N Craft
UPT-32181,-,Aaina Art N Craft
UPT-636038472,B012588331,Aaina Art N Craft
UPT-70500,BM154088,Aaina Art N Craft
UPT-75900,BM154087,Aaina Art N Craft
UPT-98000,BM139713,Aaina Art N Craft
UPT-165870,BM165870,Chandni Craft
NAU-BR48212,BM34755,Home Goods
C491-JLC7011,BM165515,HuiZhou HomeLigting Technology
89848,BM06827,PT SUMIATI EKSPORT
FOA-CM-AC209,BM122854,Aaina Art N Craft
UPT-183000,BM183000,Aaina Art N Craft
UPT-183796,BM183796,Aaina Art N Craft
UPT-195117,BM195117,Aaina Art N Craft
UPT-195118,BM195118,Aaina Art N Craft
UPT-195120,BM195120,Aaina Art N Craft
UPT-195125,BM195125,Aaina Art N Craft
UPT-195126,BM195126,Aaina Art N Craft
UPT-195128,BM195128,Aaina Art N Craft
UPT-32180,BM79010,Aaina Art N Craft
UPT-38940,BM139712,Aaina Art N Craft
UPT-39270,BM139708,Aaina Art N Craft
UPT-39280,BM139709,Aaina Art N Craft
UPT-636015000,B012588321,Aaina Art N Craft
UPT-69100,BM154085,Aaina Art N Craft
UPT-69200,BM154092,Aaina Art N Craft
UPT-70700,BM154086,Aaina Art N Craft
UPT-70800,BM154096,Aaina Art N Craft
I457-AMC0012,BM166881,Akbar Metal and Brass
I457-AMC0018,BM177866,Akbar Metal and Brass
44543,BM79924,ANXI SMOOTH THREE ARTS & CRAFTS CO.LTD
90569,BM06846,ANXI XIANFA ARTS N CRAFTS
UPT-186118,UPT-186118,Chandni Craft
UPT-186120,UPT-186120,Chandni Craft
UPT-186121,UPT-186121,Chandni Craft
UPT-186125,UPT-186125,Chandni Craft
13724,BM00034,Changzhou Bellabello Home Furnishing Decoration Co
13862,BM00047,Changzhou Bellabello Home Furnishing Decoration Co
52730,BM03764,Changzhou Bellabello Home Furnishing Decoration Co
13813,BM00044,ETD USA
36421,BM02201,ETD USA
39327,BM02602,ETD USA
42752,BM02866,ETD USA
44125,BM02891,ETD USA
48487,BM03099,ETD USA
50106,BM03248,ETD USA
55138,BM04287,ETD USA
55619,BM04550,ETD USA
55642,BM04569,ETD USA
99506,BM08050,ETD USA
65708,BM05534,"FLYING SPARKS CRAFTS CO.,LTD"
C482-MTL0002,BM164498,"FLYING SPARKS CRAFTS CO.,LTD"
C482-MTL0005,BM164495,"FLYING SPARKS CRAFTS CO.,LTD"
C482-MTL0006,BM164494,"FLYING SPARKS CRAFTS CO.,LTD"
C482-MTL0009,BM164491,"FLYING SPARKS CRAFTS CO.,LTD"
C482-MTL0012,BM164488,"FLYING SPARKS CRAFTS CO.,LTD"
C482-MTL0016,BM164501,"FLYING SPARKS CRAFTS CO.,LTD"
C482-MTL0017,BM164502,"FLYING SPARKS CRAFTS CO.,LTD"
C482-MTL0018,BM164503,"FLYING SPARKS CRAFTS CO.,LTD"
C482-MTL0019,BM164504,"FLYING SPARKS CRAFTS CO.,LTD"
C482-MTL0021,BM164506,"FLYING SPARKS CRAFTS CO.,LTD"
C482-MTL0022,BM164507,"FLYING SPARKS CRAFTS CO.,LTD"
32620,BM01866,Goel Crafts
34130,BM01908,Goel Crafts
52748,BM03777,Goel Crafts
14255,BM00067,Goel Crafts
UPT-164562,BM164562,Goel Crafts
UPT-164564,BM164564,Goel Crafts
UPT-195272,UPT-195272,Goel Crafts
UPT-157135,BM157135,HangZhou MingQiang Mirror
14668,BM34873,Home Goods
I305-HGM005,BM164574,Home Goods
I305-HGM006,BM164575,Home Goods
I305-HGM007,BM164576,Home Goods
I305-HGM009,BM164578,Home Goods
I305-HGM010,BM167282,Home Goods
I305-HGM011,BM167283,Home Goods
I305-HGM014,BM176939,Home Goods
I305-HGM016,BM176941,Home Goods
NAU-AL4860,BM34740,Home Goods
NAU-BR48256,BM34758,Home Goods
NAU-BR48640,BM106477,Home Goods
C491-JLC6012,BM165522,HuiZhou HomeLigting Technology
C491-JLC6013,BM165523,HuiZhou HomeLigting Technology
C491-JLC6011,BM165521,HuiZhou HomeLigting Technology
C491-JLC7016,BM165520,HuiZhou HomeLigting Technology
I481-MTC007,BM164223,MetalCity Exports
I481-MTC008,BM164224,MetalCity Exports
I481-MTC009,BM164225,MetalCity Exports
SVN-SG-MRBD-004,BM123977,MetalCity Exports
89847,BM06826,PT SUMIATI EKSPORT
14185,BM00065,Westlife Designs
51535,BM03604,Westlife Designs
51536,BM03605,Westlife Designs
C490-ZUH0001,BM166893,Zhangzhou Uni-Homes Furniture
UPT-195279,BM195279,Aaina Art N Craft
32661,BM01869,Goel Crafts
30854,BM01832,Westlife Designs
UPT-197312,BM197312,The Benchmark
UPT-197864,BM197864,Aaina Art N Craft
UPT-197865,BM197865,Aaina Art N Craft
UPT-197866,BM197866,Aaina Art N Craft
UPT-197867,BM197867,Aaina Art N Craft
UPT-197869,BM197869,Aaina Art N Craft
UPT-197871,BM197871,Aaina Art N Craft
UPT-197872,BM197872,Aaina Art N Craft
UPT-197873,BM197873,Aaina Art N Craft
UPT-204781,BM204781,Aaina Art N Craft
UPT-204782,BM204782,Aaina Art N Craft
UPT-204783,BM204783,Aaina Art N Craft
UPT-204784,BM204784,Aaina Art N Craft
UPT-204785,BM204785,Aaina Art N Craft
UPT-204786,BM204786,Aaina Art N Craft
UPT-204787,BM204787,Aaina Art N Craft
UPT-204788,BM204788,Aaina Art N Craft
UPT-204789,BM204789,Aaina Art N Craft
UPT-204790,BM204790,Aaina Art N Craft
UPT-204791,BM204791,Aaina Art N Craft
UPT-209567,BM209567,Goel Crafts
UPT-207779,,PT SUMIATI EKSPORT
UPT-207780,,PT SUMIATI EKSPORT
UPT-207778,,PT SUMIATI EKSPORT
51519,BM03596,Westlife Designs
DNB-YU008,BM13611,DanyaB
SVN-O8-9QEB-HL54,BM102586,Souvnear
DNB-XF11035,BM13597,DanyaB
SVN-SG-KHURJA-252,BM145856,Souvnear
DNB-YU008BK,BM13612,DanyaB
SVN-SG-KHURJA-086,BM123975,Souvnear
DNB-XF11115-2W,BM13610,DanyaB
DNB-XF11039BH,BM13602,DanyaB
DNB-XF11056,BM13605,DanyaB
SVN-SG-KHURJA-132,BM142069,Souvnear
SVN-SG-PNP-036,BM123962,Souvnear
SVN-SG-SNPR-037,BM123954,Souvnear
SVN-314103173,BM113372,Souvnear
SVN-SG-MRBD-070,BM123951,Souvnear
SVN-SG-SNPR-036,BM123959,Souvnear
SVN-SG-JDHPR-018,BM123965,Souvnear
SVN-SG-SNPR-050,BM123979,Souvnear
DNB-XF11035W,BM13600,DanyaB
BNC-14050,BM160932,Petz Creation
SVN-SG-JDHPR-021,BM123958,Souvnear
SVN-SG-TNG-004,BM102587,Souvnear
SVN-SG-SNPR-079,BM113371,Souvnear
SVN-SG-SNPR-103,BM102591,Souvnear
SVN-SG-H-K-017,BM123973,Souvnear
SVN-SG-SNPR-001,BM123976,Souvnear
SVN-32022102957,BM113367,Souvnear
DNB-FF2513W,BM13514,DanyaB
C209-123115,B0209100451,Old Import
BNC-14020,BM160930,Petz Creation
SVN-SG-AGR-014,BM102593,Souvnear
SVN-174943,BM174943,Souvnear
SVN-SG-MRBD-013,BM145884,Souvnear
SVN-SG-FZBD-012,BM123953,Souvnear
SVN-SG-KHURJA-002,BM113370,Souvnear
SVN-SG-SNPR-033,BM123978,Souvnear
DNB-YU008W,BM13613,DanyaB
DNB-FF6013W,BM13520,DanyaB
BNC-10004,BM160934,Petz Creation
BNC-10007,BM160937,Petz Creation
BNC-10009,BM160929,Petz Creation
BNC-10005,BM160935,Petz Creation
BNC-10011,BM160938,Petz Creation
SVN-SG-SNPR-052,BM123972,Souvnear
SVN-SG-KHURJA-005,BM142070,Souvnear
SVN-SG-H-K-002,BM123980,Souvnear
SVN-243740102813,BM113363,Souvnear
SVN-SG-MRBD-001,BM123981,Souvnear
DNB-XF11035GR,BM49282,DanyaB
DNB-QBA671BK,BM13581,DanyaB
DNB-YU012,BM13614,DanyaB
DNB-QBA671SR1,BM13582,DanyaB
BNC-14021,BM160931,Petz Creation
BNC-10006,BM160936,Petz Creation
BNC-10010,BM160928,Petz Creation
SVN-SG-SNPR-073,BM123963,Souvnear
SVN-174934,BM174934,Souvnear
SVN-SG-H-K-022,BM123969,Souvnear
SVN-SG-NGN-019,BM123960,Souvnear
SVN-SG-SNPR-078,BM145885,Souvnear
SVN-SG-UDPR-005,BM142055,Souvnear
SVN-113740103085,BM113369,Souvnear
BNC-10003,BM160933,Petz Creation
SVN-SG-TNG-006,BM145865,Souvnear
SVN-SG-SNPR-030,BM123955,Souvnear
SVN-172028103342,BM102589,Souvnear
SVN-174930,BM174930,Souvnear
SVN-174935,BM174935,Souvnear
SVN-SG-SNPR-032,BM123986,Souvnear
SVN-174940,BM174940,Souvnear
SVN-SG-SNPR-004,BM123982,Souvnear
SVN-SG-SNPR-056,BM145853,Souvnear
BM183992,BM183992,Jofran
BM184062,BM184062,Jofran
BM181499,BM181499,Jofran
BM183989,BM183989,Jofran
BM184047,BM184047,Jofran
BM184061,BM184061,Jofran
BM181498,BM181498,Jofran
BM183988,BM183988,Jofran
BM184046,BM184046,Jofran
BM184060,BM184060,Jofran
IDF-Y1602F,BM141893,ID FACTORY
IDF-14850,BM148786,ID FACTORY
IDF-12573,BM148747,ID FACTORY
IDF-14852,BM148788,ID FACTORY
IDF-161864,BM179742,ID FACTORY
IDF-161734,BM179718,ID FACTORY
IDF-26024,BM141947,ID FACTORY
IDF-13709,BM148765,ID FACTORY
IDF-161856,BM179738,ID FACTORY
BM01863,BM01863,Alia Impex
BM181592,BM181592,"FUZHOU RICHES HOME&GARDEN CO.,LTD"
BM140125,BM140125,"FUZHOU RICHES HOME&GARDEN CO.,LTD"
UPT-209568,BM209568,Goel Crafts
UPT-209569,BM209569,Goel Crafts
UPT-209570,BM209570,Goel Crafts
UPT-205944,,Goel Crafts
UPT-205945,,Goel Crafts
UPT-205753,BM205753,vintage Furniture
UPT-205754,BM205754,vintage Furniture
UPT-205755,BM205755,vintage Furniture
UPT-205756,BM205756,vintage Furniture
UPT-205757,BM205757,vintage Furniture
UPT-32182,BM204792,Aaina Art N Craft
UPT-214889,BM214889,Goel Crafts
C208-123030,B0208100448,SANMEN HAINA CRAFT CO.LTD
C208-123029,B0208100447,SANMEN HAINA CRAFT CO.LTD
C208-123031,B0208100449,SANMEN HAINA CRAFT CO.LTD
C208-123033,,SANMEN HAINA CRAFT CO.LTD
C554-FHB001,BM177194,"FUZHOU HOME BROAD ARTS & CRAFTS CO., LTD"
C554-FHB002,BM177195,"FUZHOU HOME BROAD ARTS & CRAFTS CO., LTD"
C554-FHB003,BM177196,"FUZHOU HOME BROAD ARTS & CRAFTS CO., LTD"
C554-FHB004,BM177197,"FUZHOU HOME BROAD ARTS & CRAFTS CO., LTD"
C554-FHB007,BM177199,"FUZHOU HOME BROAD ARTS & CRAFTS CO., LTD"
C554-FHB008,BM177200,"FUZHOU HOME BROAD ARTS & CRAFTS CO., LTD"
UPT-208450,BM208450,"FUZHOU HOME BROAD ARTS & CRAFTS CO., LTD"
UPT-208451,BM208451,"FUZHOU HOME BROAD ARTS & CRAFTS CO., LTD"
UPT-208452,BM208452,"FUZHOU HOME BROAD ARTS & CRAFTS CO., LTD"
54939,BM04276,StarLight International
55138,BM04287,StarLight International
63148,BM05342,StarLight International
63149,BM05343,StarLight International
63533,BM05387,StarLight International
63766,BM05394,StarLight International
63767,BM05395,StarLight International
64292,BM05414,StarLight International
71867,BM06171,StarLight International
91620,BM06876,StarLight International
96571,BM07627,StarLight International
97918,BM07981,StarLight International
97920,BM07982,StarLight International
BM49345,BM49345,"4D CONCEPTS,INC"
BM49344,BM49344,"4D CONCEPTS,INC"
BM132793,BM132793,"4D CONCEPTS,INC"
BM49341,BM49341,"4D CONCEPTS,INC"
BM132794,BM132794,"4D CONCEPTS,INC"
BM132795,BM132795,"4D CONCEPTS,INC"
BM132796,BM132796,"4D CONCEPTS,INC"
UPT-213128,BM213128,The Benchmark
UPT-213130,BM213130,The Benchmark
UPT-213131,BM213131,The Benchmark
UPT-213132,BM213132,The Benchmark
UPT-213134,BM213134,The Benchmark
UPT-213135,BM213135,The Benchmark
UPT-213136,BM213136,The Benchmark
UPT-213137,BM213137,The Benchmark
UPT-213869,,The Benchmark
UPT-213870,,The Benchmark
BM195838,BM195838,ZHENZHOU LEDREM NETWORK TECHNOLOGY CO. LTD. (VASAGLE)
BM195868,BM195868,ZHENZHOU LEDREM NETWORK TECHNOLOGY CO. LTD. (VASAGLE)
BM195870,BM195870,ZHENZHOU LEDREM NETWORK TECHNOLOGY CO. LTD. (VASAGLE)
BM197493,BM197493,ZHENZHOU LEDREM NETWORK TECHNOLOGY CO. LTD. (VASAGLE)
UPT-215118,,ZHENZHOU LEDREM NETWORK TECHNOLOGY CO. LTD. (VASAGLE)
UPT-215119,,ZHENZHOU LEDREM NETWORK TECHNOLOGY CO. LTD. (VASAGLE)
UPT-220582,BM220582,ZHENZHOU LEDREM NETWORK TECHNOLOGY CO. LTD. (VASAGLE)
BM195867,BM195867,ZHENZHOU LEDREM NETWORK TECHNOLOGY CO. LTD. (VASAGLE)
UPT-69623,,Souvnear
UPT-69623,,Souvnear
UPT-69623,,Souvnear
UPT-69623,,DanyaB
BM195839,BM195839,ZHENZHOU LEDREM NETWORK TECHNOLOGY CO. LTD. (VASAGLE)
BM195869,BM195869,ZHENZHOU LEDREM NETWORK TECHNOLOGY CO. LTD. (VASAGLE)
UPT-225261,BM225261,FB EXport
UPT-225262,BM225262,FB EXport
UPT-225263,BM225263,FB EXport
UPT-225264,BM225264,FB EXport
UPT-225265,BM225265,FB EXport
UPT-225266,BM225266,FB EXport
UPT-225267,BM225267,FB EXport
UPT-225268,BM225268,FB EXport
UPT-225269,BM225269,FB EXport
UPT-225270,BM225270,FB EXport
UPT-225271,BM225271,FB EXport
UPT-225272,BM225272,FB EXport
UPT-225273,BM225273,FB EXport
UPT-225274,BM225274,FB EXport
UPT-225275,BM225275,FB EXport
UPT-225276,BM225276,FB EXport
UPT-225277,BM225277,FB EXport
UPT-225278,BM225278,FB EXport
UPT-225279,BM225279,FB EXport
UPT-225280,BM225280,FB EXport
UPT-225281,BM225281,FB EXport
UPT-225282,BM225282,FB EXport
UPT-225283,BM225283,FB EXport
UPT-225284,BM225284,FB EXport
UPT-225286,BM225286,Goel Crafts
UPT-225287,BM225287,Goel Crafts
UPT-225288,BM225288,Goel Crafts
UPT-225289,BM225289,Goel Crafts
FOA-CM-BR6233DK,BM119852,Boraam
ABH-42537-WHIT,BM152860,A&B Factory
ABH-43311,BM154156,A&B Factory
ABH-AV69766,BM145820,A&B Factory
ABH-AV69774,BM165657,A&B Factory
ABH-D69818,BM149598,A&B Factory
ABH-1411,BM158297,A&B Factory
ABH-73379,BM147076,A&B Factory
UPT-215750,UPT-215750,Aaina Craft
UPT-215751,UPT-215751,Aaina Craft
UPT-215752,UPT-215752,Aaina Craft
UPT-229062,UPT-229062,Aaina Craft
UPT-229063,UPT-229063,Aaina Craft
UPT-229605,UPT-229605,Aaina Craft
UPT-229606,UPT-229606,Aaina Craft
I457-AMC0025,BM213126,Akbar Metal and Brass
UPT-228539,UPT-228539,"ANJI SEATING GROUP CO.,LTD"
UPT-228540,UPT-228540,"ANJI SEATING GROUP CO.,LTD"
UPT-228541,UPT-228541,"ANJI SEATING GROUP CO.,LTD"
UPT-228542,UPT-228542,"ANJI SEATING GROUP CO.,LTD"
UPT-228543,UPT-228543,"ANJI SEATING GROUP CO.,LTD"
UPT-228544,UPT-228544,"ANJI SEATING GROUP CO.,LTD"
UPT-228545,UPT-228545,"ANJI SEATING GROUP CO.,LTD"
UPT-228546,UPT-228546,"ANJI SEATING GROUP CO.,LTD"
UPT-228547,UPT-228547,"ANJI SEATING GROUP CO.,LTD"
UPT-226272,BM226272,"ANJI SEATING GROUP CO.,LTD"
UPT-226273,BM226273,"ANJI SEATING GROUP CO.,LTD"
UPT-226278,BM226278,"ANJI SEATING GROUP CO.,LTD"
UPT-226274,BM226274,"ANJI SEATING GROUP CO.,LTD"
UPT-226279,BM226279,"ANJI SEATING GROUP CO.,LTD"
UPT-226275,BM226275,"ANJI SEATING GROUP CO.,LTD"
UPT-226280,BM226280,"ANJI SEATING GROUP CO.,LTD"
UPT-226276,BM226276,"ANJI SEATING GROUP CO.,LTD"
UPT-226281,BM226281,"ANJI SEATING GROUP CO.,LTD"
UPT-226277,BM226277,"ANJI SEATING GROUP CO.,LTD"
UPT-209122,BM209122,BlueCity 
UPT-209123,BM209123,BlueCity 
UPT-209124,BM209124,BlueCity 
UPT-209125,BM209125,BlueCity 
UPT-209126,BM209126,BlueCity 
UPT-209127,BM209127,BlueCity 
UPT-209128,BM209128,BlueCity 
UPT-209129,BM209129,BlueCity 
UPT-209130,BM209130,BlueCity 
UPT-209131,BM209131,BlueCity 
UPT-209132,BM209132,BlueCity 
UPT-209133,BM209133,BlueCity 
UPT-209134,BM209134,BlueCity 
UPT-209135,BM209135,BlueCity 
UPT-209136,BM209136,BlueCity 
UPT-209137,BM209137,BlueCity 
UPT-209138,BM209138,BlueCity 
BM04390,BM04390,Boraam
BM04388,BM04388,Boraam
UPT-228692,UPT-228692,Chandni Craft
UPT-228693,UPT-228693,Chandni Craft
I551-FDS001,I551-FDS001,Fairdeal Overseas
I551-FDS002,I551-FDS002,Fairdeal Overseas
I551-FDS003,I551-FDS003,Fairdeal Overseas
I551-FDS004,I551-FDS004,Fairdeal Overseas
I551-FDS005,I551-FDS005,Fairdeal Overseas
I551-FDS006,I551-FDS006,Fairdeal Overseas
I551-FDS007,I551-FDS007,Fairdeal Overseas
IMX-7781,,"FLYING SPARKS CRAFTS CO.,LTD"
IMX-7761,BM16378,"FLYING SPARKS CRAFTS CO.,LTD"
BM140126,BM140126,"FUZHOU RICHES HOME&GARDEN CO.,LTD"
UPT-176787,BM176787,Goel Crafts
UPT-214884,BM214884,Goel Crafts
UPT-214885,BM214885,Goel Crafts
UPT-214886,BM214886,Goel Crafts
UPT-214887,BM214887,Goel Crafts
UPT-214888,BM214888,Goel Crafts
UPT-226285,UPT-226285,Goel Crafts
UPT-226284,UPT-226284,Goel Crafts
UPT-226283,UPT-226283,Goel Crafts
UPT-229608,UPT-229608,Goel Crafts
UPT-229609,UPT-229609,Goel Crafts
UPT-229610,UPT-229610,Goel Crafts
UPT-230098,UPT-230098,Stellar
UPT-230090,UPT-230090,Stellar
UPT-230091,UPT-230091,Stellar
UPT-230092,UPT-230092,Stellar
UPT-230093,UPT-230093,Stellar
UPT-230094,UPT-230094,Stellar
UPT-230095,UPT-230095,Stellar
UPT-230096,UPT-230096,Stellar
UPT-230097,UPT-230097,Stellar
UPT-225998,UPT-225998,Tresirmaos 
UPT-225999,UPT-225999,Tresirmaos 
UPT-226000,UPT-226000,Tresirmaos 
UPT-226001,UPT-226001,Tresirmaos 
UPT-226002,UPT-226002,Tresirmaos 
UPT-226003,UPT-226003,Tresirmaos 
UPT-226004,UPT-226004,Tresirmaos 
UPT-226005,UPT-226005,Tresirmaos 
UPT-226006,UPT-226006,Tresirmaos 
UPT-226007,UPT-226007,Tresirmaos 
BM197490,BM197490,ZHENZHOU LEDREM NETWORK TECHNOLOGY CO. LTD. (VASAGLE)
IDF-Y1101T,BM141868,ID FACTORY
IDF-Y1102T,BM141870,ID FACTORY
IDF-Y1401T,BM141885,ID FACTORY
IDF-Y1402T,BM141887,ID FACTORY
IDF-Y1601T,BM141892,ID FACTORY
IDF-Y1602T,BM141894,ID FACTORY
IDF-Y1101F,BM141867,ID FACTORY
IDF-Y1102F,BM141869,ID FACTORY
IDF-Y1401F,BM141884,ID FACTORY
IDF-Y1402F,BM141886,ID FACTORY
IDF-Y1601F,BM141891,ID FACTORY
FOA-CM-DK6276,BM123677,Aaina Craft
FOA-CM4324E,BM119861,Aaina Craft
AMC-171102,BM154998,Akbar Metal and Brass
IMX-65345,BM16184,Akbar Metal and Brass
MIL-CS-03,BM195216,Akbar Metal and Brass
AYF-A4000209,BM193783,Akbar Metal and Brass
CTW-530050,BM195136,Akbar Metal and Brass
MIL-C-21C,BM195218,Akbar Metal and Brass
I457-AMC0021,I457-AMC0021,Akbar Metal and Brass
MIL-C-08C,BM195217,Akbar Metal and Brass
IMX-88707,BM82436,Akbar Metal and Brass
CTW-770066,BM195137,Akbar Metal and Brass
FOA-CM-BR6233A,BM119851,Boraam
UPT-230656,UPT-230656,CAOXIAN BERLIN
UPT-230657,UPT-230657,CAOXIAN BERLIN
UPT-230658,UPT-230658,CAOXIAN BERLIN
UPT-230659,UPT-230659,CAOXIAN BERLIN
UPT-230660,UPT-230660,CAOXIAN BERLIN
UPT-230661,UPT-230661,CAOXIAN BERLIN
UPT-230662,UPT-230662,CAOXIAN BERLIN
UPT-230663,UPT-230663,CAOXIAN BERLIN
UPT-230664,UPT-230664,CAOXIAN BERLIN
UPT-230665,UPT-230665,CAOXIAN BERLIN
UPT-230666,UPT-230666,CAOXIAN BERLIN
UPT-230667,UPT-230667,CAOXIAN BERLIN
UPT-230668,UPT-230668,CAOXIAN BERLIN
UPT-230669,UPT-230669,CAOXIAN BERLIN
UPT-230670,UPT-230670,CAOXIAN BERLIN
UPT-230672,UPT-230672,CAOXIAN BERLIN
UPT-230673,UPT-230673,CAOXIAN BERLIN
UPT-228690,UPT-228690,Chandni Craft
UPT-230449,UPT-230449,Chandni Craft
UPT-228691,UPT-228691,Chandni Craft
SEI-KA9801,BM72842,"FLYING SPARKS CRAFTS CO.,LTD"
SEI-GA5406R,BM72794,"FLYING SPARKS CRAFTS CO.,LTD"
ABH-35539,BM147075,Guangzhou Even Lighting Co.
ABH-36407,BM148635,Guangzhou Even Lighting Co.
BM193923,BM193923,HENAN THERESE
BM217092,BM217092,HENAN THERESE
BM217095,BM217095,HENAN THERESE
BM217112,BM217112,HENAN THERESE
BM222534,BM222534,HENAN THERESE
BM217103,BM217103,HENAN THERESE
BM209174,BM209174,HENAN THERESE
IMX-84859-3,BM82658,Home Goods
IMX-44090,BM15926,Home Goods
BM154147,BM154147,Home Goods
CTW-770047,BM195133,Home Goods
MIL-C-55,BM195213,Home Goods
I305-HGM021,I305-HGM021,Home Goods
I305-HGM022,I305-HGM022,Home Goods
I305-HGM023,I305-HGM023,Home Goods
I305-HGM024,I305-HGM024,Home Goods
BM181497,BM181497,Jofran
UPT-230845,UPT-230845,RACH
UPT-230846,UPT-230846,RACH
UPT-230847,UPT-230847,RACH
UPT-230848,UPT-230848,RACH
UPT-230849,UPT-230849,RACH
UPT-230850,UPT-230850,RACH
UPT-230851,UPT-230851,RACH
UPT-230852,UPT-230852,RACH
UPT-230853,UPT-230853,RACH
UPT-230854,UPT-230854,RACH
UPT-230855,UPT-230855,RACH
UPT-230856,UPT-230856,RACH
UPT-230857,UPT-230857,RACH
IMX-5544-5,BM41141,Westlife Designs
FOA-CM3279T-29-3PK,BM119853,Zhangzhou Uni-Homes Furniture
WHI-YLX-9040,BM140276,Zhangzhou Uni-Homes Furniture
FOA-CM3279T-43-5PK,BM119854,Zhangzhou Uni-Homes Furniture
FOA-CM5278-TV-81,BM119867,Zhangzhou Uni-Homes Furniture
SEI-HZ8810,BM30521,Zhangzhou Uni-Homes Furniture
BM197491,BM197491,ZHENZHOU LEDREM NETWORK TECHNOLOGY CO. LTD. (VASAGLE)
BM197487,BM197487,ZHENZHOU LEDREM NETWORK TECHNOLOGY CO. LTD. (VASAGLE)
BM197488,BM197488,ZHENZHOU LEDREM NETWORK TECHNOLOGY CO. LTD. (VASAGLE)
BM195857,BM195857,ZHENZHOU LEDREM NETWORK TECHNOLOGY CO. LTD. (VASAGLE)
BM217098,BM217098,ZHENZHOU LEDREM NETWORK TECHNOLOGY CO. LTD. (VASAGLE)
BM209159,BM209159,ZHENZHOU LEDREM NETWORK TECHNOLOGY CO. LTD. (VASAGLE)
BM195835,BM195835,ZHENZHOU LEDREM NETWORK TECHNOLOGY CO. LTD. (VASAGLE)
